account_id,total_score,risk_level,risk_percentile,feature_email_engagement,feature_engagement_depth,feature_login_frequency_30d,feature_login_trend,feature_payment_issues,feature_recency,feature_support_tickets,feature_transaction_amount,feature_transaction_frequency
ACC004,85.59,高风险,5.0,91.11,84.55,93.33,100.0,100.0,41.67,100.0,99.4,100.0
ACC008,84.61,高风险,10.0,96.67,90.91,96.67,100.0,66.67,66.67,42.86,100.0,100.0
ACC015,77.33,高风险,15.0,100.0,100.0,100.0,0.0,33.33,100.0,14.29,100.0,100.0
ACC011,67.06,中风险,20.0,85.56,81.82,90.0,0.0,66.67,30.0,85.71,98.2,95.0
ACC017,61.26,中风险,25.0,80.0,78.18,86.67,0.0,33.33,33.33,57.14,97.6,95.0
ACC003,58.12,中风险,30.0,68.89,72.73,83.33,20.0,33.33,20.0,57.14,95.2,90.0
ACC014,48.11,中风险,35.0,52.22,67.27,80.0,0.0,0.0,16.67,28.57,92.8,90.0
ACC007,43.04,中风险,40.0,41.11,62.73,73.33,0.0,0.0,11.67,14.29,88.8,85.0
ACC020,41.73,中风险,45.0,46.67,56.36,70.0,0.0,0.0,13.33,14.29,87.2,80.0
